627,Автоэлектроника,0
788,Чулан,761
762,"Обложки, сумки, рюкзаки",755
763,Очки,755
764,Спортивный инвентарь,755
765,"Сувениры, брелки и т.д.",755
766,Новогоднее настроение,765
787,Спальня,761
767,Фонарики,755
676,Все для ТО,675
677,Аптечки,676
678,Детские удерживающие устройства,676
679,Жилеты светоотражающие,676
680,Знаки аварийной остановки,676
681,Канистры и воронки,676
675,Гаражное оборудование,0
786,Кухня,761
785,Ванная комната,761
761,Хозяйственные товары,755
745,Чехлы и накидки,737
746,Комфорт,745
747,Накидки на сидения,745
749,Чехлы на сидения,745
750,Средства по уходу за автомобилем,0
751,Влажные салфетки,750
752,Микрофибра и замша,750
753,Щетки для мытья,750
754,Щетки сметки и скребки,750
755,Туризм и активный отдых,0
756,Всё для пикника,755
757,Барбеккю,756
758,Газовые баллоны и комплектующие,756
759,Средства от насекомых,756
760,Детские товары,755
683,Провода прикуривания,676
744,Коврики на панель,741
684,Сумки для аварийного набора,676
686,Утеплители двигателя,676
707,Реечные домкраты,704
708,Ромбические домкраты,704
710,Заплатки и наборы для ремонта шин,697
711,Ключи баллонные,697
768,Тюнинг,0
769,Брызговики,768
706,Гидравлические подкатные домкраты,704
770,"Декоративные накладки, молдинги, наклейки",768
773,Дефлектора капота,771
774,Зеркала дополнительные,768
775,Колпаки на колеса,768
776,Крепежные детали,768
777,Насадки для глушителя,768
778,Рамки для номерного знака и крепления,768
771,Дефлектора на автомобиль,768
792,"Винтовые, Спиральные домкраты",704
705,Гидравлические бутылочные домкраты,704
704,Домкраты,697
687,Инструмент для ремонта,675
688,Дополнения для полировочных машин,687
689,"Ключи, головки и трещетки",687
690,Лебедки ручные,687
691,Наборы инструментов в чемодане,687
692,Отвертки,687
693,Специального назначения,687
694,"Стяжки и хомуты, изолента",687
695,Шарнирно-губцевой инструмент,687
696,Ящики для инструмента,687
697,Шиномонтаж,675
698,Болты и гайки колесные,697
699,Болты колесные,698
702,Гайки колесные с секретом,698
703,"Вентили, золотники и колпачки",697
685,Троса буксировочные,676
743,Заглушки ремня безопасности,741
742,Держатели для телефона,741
741,Салонные аксессуары,737
648,Компрессора и насосы,627
649,"Мойки, пылесосы и полировочные машины",627
650,Обогреватели автомобильные,627
651,Преобразователи напряжения,627
652,Автохимия,0
654,Ароматизаторы,652
647,Видеорегистраторы и Радар-детекторы,627
655,Гелевые ароматизаторы,654
657,На дефлектор ароматизаторы,654
658,Органические ароматизаторы,654
659,Под сиденье ароматизаторы,654
660,Подвесные ароматизаторы,654
661,Спреи ароматизаторы,654
662,Очистители кондиционера,654
656,Меловые ароматизаторы,654
645,Разветвители прикуривателя,627
643,Приборы для мобильных устройств,627
641,Сигналы звуковые,639
782,Автозвук и принадлежности,627
628,Автолампы и фары,627
629,Галогенновые лампы,628
630,Ксеноновые лампы,628
632,Светодиодные лампы,628
633,Фары и огни автомобильные,628
794,Вспомогательные лампы,628
795,"Цоколя, Блоки и другие устройства",628
634,Аккумуляторы и обслуживание,627
635,Аккумуляторные батареи,634
636,Зарядные и предпусковые аккумуляторов,634
637,Приспособления для АКБ,634
638,"Батарейки, Предохранители, Карты памяти",627
639,Парковочные и звуковые устройства,627
640,Парктронники,639
664,Клеи и герметики,652
665,Лакокрасочные и антикоррозионные средства,652
666,Краска и карандаши,665
667,Средства от коррозии,665
732,Гибридные щетки стеклоочистителей,730
733,Зимние щетки стеклоочистителей,730
734,Каркасные щетки стеклоочистителей,730
735,Ленты и крепления стеклоочистителя ,730
736,Щетки для заднего стекла,730
713,Масла и технические жидкости,0
653,Антифризы и Тосол,713
663,Присадки в масло и топливо,713
715,Моторные масла,713
716,Тормозные жидкости,713
717,Трансмиссионные масла,713
737,Салонные принадлежности,0
738,Коврики салона,737
739,Оплетки руля,737
740,Органайзеры,737
731,Бескаркасные щетки стеклоочистителей,730
779,Сигнализация и принадлежности к ней,768
730,Щетки стеклоочистительные,723
728,Масляные фильтры,726
781,Подарочные наборы автохимии,652
668,Сервисные средства и смазки,652
714,Густые смазки,668
669,Уход за интерьером,652
670,Уход за экстерьером,652
671,Автохимия для колес и шин,670
672,Автохимия для кузова,670
673,Автохимия для стекол,670
674,Автошампуни,670
723,Расходные и запасные части,0
790,Тормозные колодки,723
724,Заказные запчасти,723
725,Свечи зажигания,723
726,Фильтрующие элементы,723
727,Воздушные фильтры,726
729,Салонные фильтры,726
780,Тенты,768
